timestamp,face_detected,gaze_direction,gaze_h_ratio,gaze_v_ratio,gaze_h_degrees,gaze_v_degrees,left_ear,right_ear,blink_detected,blink_count
2026-01-14 23:18:44.716,True,center,-0.008632160125947641,-0.3312667851409355,-0.17264320251895282,-4.969001777114032,0.27923422904114387,0.2869149679748336,False,0
2026-01-14 23:18:44.743,True,center,-0.021771938017836445,-0.25819416191740585,-0.4354387603567289,-3.872912428761088,0.30226672788589004,0.27248666074171624,False,0
2026-01-14 23:18:44.767,True,center,-0.014975637707173306,-0.24413238404634513,-0.2995127541434661,-3.661985760695177,0.29965788190586695,0.2900476998252799,False,0
2026-01-14 23:18:44.787,True,center,-0.013423924657667063,-0.27710511492711654,-0.26847849315334127,-4.156576723906748,0.3067090012946124,0.29075575728489805,False,0
2026-01-14 23:18:44.812,True,center,-0.010591700966785966,-0.22408319494738782,-0.21183401933571933,-3.3612479242108173,0.30864958983834734,0.31737716649684583,False,0
2026-01-14 23:18:44.834,True,center,0.006236023402494628,-0.15300027569681418,0.12472046804989256,-2.2950041354522126,0.32576710427883687,0.33990455299350986,False,0
2026-01-14 23:18:44.885,True,center,-0.03262491523704353,-0.29022278882423913,-0.6524983047408706,-4.353341832363587,0.35039023320236035,0.32663974878443336,False,0
2026-01-14 23:18:44.916,True,up,-0.0026749580557650643,-0.355259859405778,-0.053499161115301286,-5.32889789108667,0.31566275284151435,0.28558065835102936,False,0
2026-01-14 23:18:44.951,True,up,-0.026103870061348955,-0.6410910435694482,-0.5220774012269791,-9.616365653541724,0.2494335900953215,0.2522583392588617,False,0
2026-01-14 23:18:44.978,True,up,-0.09076414873248007,-1.0,-1.8152829746496013,-15.0,0.17307056763382705,0.06916029739193896,False,0
2026-01-14 23:18:45.025,True,up,-0.01376201491176332,-1.0,-0.2752402982352664,-15.0,0.08239488924673463,0.08944696130274969,False,0
2026-01-14 23:18:45.055,True,up,-0.032702041235095736,-0.6883713005233728,-0.6540408247019147,-10.325569507850592,0.21410242468253923,0.22653795199840238,True,1
2026-01-14 23:18:45.095,True,up,-0.004682540736707597,-0.5926219196928346,-0.09365081473415193,-8.889328795392519,0.21892265768025437,0.23380520258212606,False,1
2026-01-14 23:18:45.119,True,up,0.006116663656395571,-0.5978652324260245,0.12233327312791142,-8.967978486390368,0.2687438731081045,0.2634544147962192,False,1
2026-01-14 23:18:45.140,True,center,0.01199193243318264,-0.3458465664945561,0.2398386486636528,-5.187698497418341,0.30456889993717434,0.2761598694679021,False,1
2026-01-14 23:18:45.166,True,center,0.0003919145182456618,-0.2756688608102107,0.007838290364913236,-4.135032912153161,0.3297584925691908,0.30219157547058006,False,1
2026-01-14 23:18:45.186,True,center,0.007438995374366708,-0.13730916988945022,0.14877990748733416,-2.0596375483417533,0.3392982142233284,0.3035487935897486,False,1
2026-01-14 23:18:45.225,True,center,0.007422092842548744,-0.137954710426367,0.14844185685097488,-2.069320656395505,0.32469928272230103,0.29914430247893753,False,1
2026-01-14 23:18:45.286,True,center,-0.02784139455977319,-0.1098383952046906,-0.5568278911954638,-1.647575928070359,0.3368411560290598,0.3256463337245044,False,1
2026-01-14 23:18:45.375,True,center,-0.004643888138864571,-0.11734171888277461,-0.09287776277729143,-1.7601257832416193,0.3546042319301327,0.30612118451235387,False,1
2026-01-14 23:18:45.395,True,center,-0.00887681763929099,-0.149187606556301,-0.1775363527858198,-2.237814098344515,0.32875995393403185,0.3213878892874547,False,1
2026-01-14 23:18:45.426,True,center,-0.006673218006642667,-0.08557630201185032,-0.13346436013285334,-1.2836445301777548,0.3367146026790714,0.3313886618155093,False,1
2026-01-14 23:18:45.452,True,center,-0.013358483932378928,-0.12275104049808991,-0.26716967864757857,-1.8412656074713487,0.3412371351743613,0.323606796141712,False,1
2026-01-14 23:18:45.475,True,center,-0.02250093429314487,-0.16075262915780725,-0.4500186858628974,-2.4112894373671088,0.3573388256308041,0.31432291572610727,False,1
2026-01-14 23:18:45.495,True,center,0.026396960937477842,-0.11803693913799265,0.5279392187495568,-1.7705540870698897,0.33874913437541176,0.32163986120653243,False,1
2026-01-14 23:18:45.526,True,center,0.019342087897922633,-0.10713677618063616,0.38684175795845266,-1.6070516427095425,0.34117177680527205,0.34279188407202443,False,1
2026-01-14 23:18:45.555,True,center,0.03348840500205569,-0.060845584761203636,0.6697681000411138,-0.9126837714180546,0.3142352577109656,0.3349436657654929,False,1
2026-01-14 23:18:45.589,True,center,0.02258158190708992,-0.10116689081880897,0.4516316381417984,-1.5175033622821346,0.3179042091648917,0.3370330899490243,False,1
2026-01-14 23:18:45.609,True,center,0.0041451822907939695,-0.07324422399708222,0.08290364581587939,-1.0986633599562332,0.316734699150533,0.3492794029098086,False,1
2026-01-14 23:18:45.629,True,center,0.015356041253944464,-0.12709444986040133,0.30712082507888927,-1.90641674790602,0.32688105139036516,0.3466389575693398,False,1
2026-01-14 23:18:45.685,True,center,0.005591128201311968,-0.09480723706221422,0.11182256402623936,-1.4221085559332134,0.3302204928014906,0.3521875218970106,False,1
2026-01-14 23:18:45.755,True,center,-0.0013219513751538958,-0.1072232912693328,-0.026439027503077916,-1.6083493690399921,0.31450005471080517,0.3452487699924635,False,1
2026-01-14 23:18:45.778,True,center,0.010118529965211398,-0.0629523765012028,0.20237059930422796,-0.9442856475180421,0.3210926090738068,0.3541378600162892,False,1
2026-01-14 23:18:45.795,True,center,-0.006972432520581384,-0.03439480089210209,-0.13944865041162768,-0.5159220133815313,0.3274435350703477,0.35696753907498513,False,1
2026-01-14 23:18:45.815,True,center,-0.009707874292930074,-0.06672891290699715,-0.1941574858586015,-1.000933693604957,0.3344270565028556,0.36653220274135473,False,1
2026-01-14 23:18:45.841,True,center,0.006185146921537266,-0.03135745058073092,0.12370293843074531,-0.47036175871096375,0.32520365545503205,0.3685895588261082,False,1
2026-01-14 23:18:45.887,True,center,0.011318468587111497,-0.07758661189450289,0.22636937174222993,-1.1637991784175434,0.32352755605363337,0.3677003374450185,False,1
2026-01-14 23:18:45.914,True,center,0.008716124002044301,-0.09844391533242178,0.17432248004088602,-1.4766587299863267,0.32901166876411975,0.3643991251517227,False,1
2026-01-14 23:18:45.936,True,center,0.023533573329813262,-0.05535375909364684,0.47067146659626524,-0.8303063864047027,0.3378198332075736,0.3542443948473095,False,1
2026-01-14 23:18:45.989,True,center,0.005471958739201144,-0.1556944887989588,0.10943917478402287,-2.3354173319843823,0.3300893374025564,0.3228050106008374,False,1
2026-01-14 23:18:46.015,True,center,0.017570053478797365,-0.14737144188957071,0.3514010695759473,-2.2105716283435606,0.3296349079861969,0.31857904990023717,False,1
2026-01-14 23:18:46.026,True,up,0.015247268555857563,-0.6279720528422899,0.30494537111715125,-9.419580792634347,0.22700343551529573,0.21675593387452138,False,1
2026-01-14 23:18:46.085,True,up,-0.028418274111118025,-1.0,-0.5683654822223605,-15.0,0.07785507894161911,0.0634252280930909,False,1
2026-01-14 23:18:46.146,True,up,0.0015934216765878806,-0.7596621635437222,0.03186843353175761,-11.394932453155832,0.2492839737525737,0.17338480535430578,True,2
2026-01-14 23:18:46.165,True,up,-0.02056467544959173,-0.6985639311785916,-0.4112935089918346,-10.478458967678874,0.23283780444535968,0.20858346013571788,False,2
2026-01-14 23:18:46.196,True,up,-0.027768660987707694,-0.4663805018566379,-0.5553732197541539,-6.995707527849568,0.28453966064071323,0.26432808455293827,False,2
2026-01-14 23:18:46.218,True,up,-0.014800151756439728,-0.42960706705372537,-0.29600303512879456,-6.444106005805881,0.27957079713693284,0.27309756177448946,False,2
2026-01-14 23:18:46.244,True,center,-0.02926747240323574,-0.33209402458006765,-0.5853494480647148,-4.981410368701015,0.31660438637189114,0.28928474681295757,False,2
2026-01-14 23:18:46.296,True,center,-0.04195095108309699,-0.2736253080645278,-0.8390190216619398,-4.104379620967917,0.3170480391602184,0.2993844012036157,False,2
2026-01-14 23:18:46.316,True,center,-0.02238064837216358,-0.23159521375818984,-0.4476129674432716,-3.4739282063728476,0.32520938637827407,0.30799800062026716,False,2
2026-01-14 23:18:46.339,True,center,-0.02402719869854686,-0.248130267440319,-0.4805439739709372,-3.721954011604785,0.3259025384407385,0.30430195616235545,False,2
2026-01-14 23:18:46.389,True,center,-0.04785635293945312,-0.17206095387585665,-0.9571270587890623,-2.58091430813785,0.32520186689774355,0.29750765341509755,False,2
2026-01-14 23:18:46.406,True,center,-0.03722923359053015,-0.18106023844113153,-0.7445846718106031,-2.715903576616973,0.3262598072082523,0.3079181942772711,False,2
2026-01-14 23:18:46.435,True,center,-0.026997821387380994,-0.22124810086371255,-0.5399564277476199,-3.318721512955688,0.30702644605726803,0.32291176164327295,False,2
2026-01-14 23:18:46.496,True,center,-0.021442471315239797,-0.21413978358767444,-0.42884942630479594,-3.2120967538151164,0.321981746598305,0.3299563469096715,False,2
2026-01-14 23:18:46.545,True,center,-0.00806163495469897,-0.19642682210429063,-0.16123269909397941,-2.9464023315643595,0.329055739220054,0.3312527181542543,False,2
2026-01-14 23:18:46.556,True,center,-0.006738629310752642,-0.1869595195124956,-0.13477258621505284,-2.804392792687434,0.32654993511603314,0.3334476349016756,False,2
2026-01-14 23:18:46.595,True,center,-0.00956957154222371,-0.18652779041852036,-0.1913914308444742,-2.7979168562778054,0.3117478355747907,0.3310493687546569,False,2
2026-01-14 23:18:46.605,True,center,-0.00412963533432914,-0.1735022331070465,-0.0825927066865828,-2.602533496605697,0.31987167204666617,0.3370687547040976,False,2
2026-01-14 23:18:46.644,True,center,-0.0030338899541196285,0.0790934106837691,-0.06067779908239257,1.1864011602565365,0.3226298441735306,0.32759355822723496,False,2
2026-01-14 23:18:46.687,True,center,-0.0036615951608398034,0.10249227367777117,-0.07323190321679607,1.5373841051665675,0.33601122489664687,0.3336271546558229,False,2
2026-01-14 23:18:46.706,True,center,-0.020187930774407337,0.1255361285960514,-0.40375861548814673,1.883041928940771,0.3547977646287193,0.33929547688187267,False,2
2026-01-14 23:18:46.739,True,center,-0.0016444801510661078,0.08958625064714759,-0.032889603021322156,1.3437937597072138,0.3249628239309754,0.3316292054692222,False,2
2026-01-14 23:18:46.786,True,center,0.009783372014665115,0.06850969498562681,0.1956674402933023,1.0276454247844022,0.32750317473530394,0.3212856139796876,False,2
2026-01-14 23:18:46.802,True,center,0.0026540628398883936,0.08810829761345776,0.05308125679776787,1.3216244642018664,0.33676539175109105,0.3333517287523268,False,2
2026-01-14 23:18:46.836,True,center,-0.017187361634461662,0.0816554348683356,-0.34374723268923324,1.224831523025034,0.3251915453570875,0.3114569471607365,False,2
2026-01-14 23:18:46.896,True,center,-0.0058340495929439795,0.055523054378853576,-0.11668099185887959,0.8328458156828036,0.3249868104412941,0.3209017405500484,False,2
2026-01-14 23:18:46.916,True,center,-0.006351606697024725,0.07932676720208814,-0.1270321339404945,1.1899015080313222,0.3314542954740231,0.32607935824055395,False,2
2026-01-14 23:18:46.950,True,center,-0.016609032067690488,0.07529911256017471,-0.33218064135380976,1.1294866884026207,0.3292857367116192,0.31672735788324197,False,2
2026-01-14 23:18:46.988,True,center,-0.011100716177982917,0.0859782762657208,-0.22201432355965833,1.289674143985812,0.337472038354475,0.32225420621342843,False,2
2026-01-14 23:18:47.006,True,center,-0.011334023277129845,0.0910838985826396,-0.2266804655425969,1.366258478739594,0.3408890612321227,0.3246702033455308,False,2
2026-01-14 23:18:47.037,True,center,-0.02157988566269592,0.1468953734492059,-0.4315977132539184,2.2034306017380882,0.328025017481513,0.3420795297768883,False,2
2026-01-14 23:18:47.094,True,center,-0.02037735372341337,0.1728432070562426,-0.40754707446826743,2.592648105843639,0.3376044475219693,0.35505539127258934,False,2
2026-01-14 23:18:47.106,True,center,-0.011065276609992625,0.1734351999633006,-0.2213055321998525,2.601527999449509,0.3269612186654009,0.357852560645233,False,2
2026-01-14 23:18:47.136,True,center,-0.023215249152968243,0.1737649134708604,-0.46430498305936485,2.606473702062906,0.3291882545060522,0.35935258570057393,False,2
2026-01-14 23:18:47.185,True,center,-0.020014143054607192,0.1786048112351927,-0.40028286109214384,2.6790721685278904,0.3450549350076183,0.336754956269225,False,2
2026-01-14 23:18:47.205,True,center,-0.014647960101839552,0.1710386422853825,-0.29295920203679104,2.5655796342807373,0.3433889837350877,0.334848108488834,False,2
2026-01-14 23:18:47.235,True,center,-0.03132007394025543,0.16769268421581887,-0.6264014788051087,2.515390263237283,0.3291506721123834,0.3214884347539181,False,2
2026-01-14 23:18:47.297,True,center,-0.018116789442951198,0.18272343471247565,-0.36233578885902396,2.740851520687135,0.32938250286660176,0.3182144787663304,False,2
2026-01-14 23:18:47.315,True,center,-0.019092951120872892,0.18997222303527952,-0.38185902241745784,2.849583345529193,0.3249834607914957,0.318099917627973,False,2
2026-01-14 23:18:47.346,True,center,-0.008652715090919971,0.18591349244088995,-0.17305430181839943,2.788702386613349,0.337716651535707,0.32548067844840334,False,2
2026-01-14 23:18:47.399,True,center,-0.017845233261596205,0.18183254964582027,-0.3569046652319241,2.727488244687304,0.33785722638093596,0.3246850467968734,False,2
2026-01-14 23:18:47.414,True,center,-0.018947958213336058,0.16816736495305776,-0.37895916426672116,2.522510474295866,0.33272804783951193,0.3236055982624511,False,2
2026-01-14 23:18:47.435,True,center,-0.022780702231231686,0.15503948225114145,-0.45561404462463373,2.3255922337671215,0.32870156682319535,0.320902535142204,False,2
2026-01-14 23:18:47.487,True,center,-0.03688573834566339,0.15589870202198297,-0.7377147669132678,2.3384805303297447,0.3314635792116825,0.317085913975652,False,2
2026-01-14 23:18:47.505,True,center,-0.0342469201285025,0.1782566161262879,-0.68493840257005,2.6738492418943185,0.34022752041453236,0.3243542403276362,False,2
2026-01-14 23:18:47.536,True,center,-0.03191414265980291,0.1680500382158346,-0.6382828531960583,2.5207505732375193,0.3388655134179352,0.32416046219810457,False,2
2026-01-14 23:18:47.584,True,center,-0.02106404628381242,0.18050581370202162,-0.4212809256762484,2.7075872055303245,0.33719083171841185,0.3274902428209172,False,2
2026-01-14 23:18:47.600,True,center,-0.020668295749082355,0.18117679667938644,-0.4133659149816471,2.7176519501907968,0.3384618196590193,0.3278951629628551,False,2
2026-01-14 23:18:47.648,True,center,-0.023227647026058063,0.17157832412101434,-0.46455294052116125,2.573674861815215,0.32066094901148734,0.3229316980302796,False,2
2026-01-14 23:18:47.699,True,center,-0.03895484358122264,0.18475640862249204,-0.7790968716244528,2.7713461293373807,0.3329364192556515,0.31887742962121807,False,2
2026-01-14 23:18:47.717,True,center,-0.03811064133752862,0.17378509263875597,-0.7622128267505723,2.6067763895813396,0.33462081810877115,0.325635221336997,False,2
2026-01-14 23:18:47.746,True,center,-0.024047021083968,0.12070924725985785,-0.48094042167936,1.8106387088978677,0.3363768327962122,0.33059475376916436,False,2
2026-01-14 23:18:47.795,True,center,-0.020879710684802377,0.13014845408879525,-0.41759421369604754,1.9522268113319288,0.34182149455765876,0.3284761867047539,False,2
2026-01-14 23:18:47.809,True,center,-0.025249213869607212,0.14605153095670953,-0.5049842773921442,2.190772964350643,0.34055313244080176,0.33043708158950197,False,2
2026-01-14 23:18:47.836,True,center,-0.030604184981088745,0.16158573404117774,-0.6120836996217749,2.423786010617666,0.33977844827969383,0.3244640149372811,False,2
2026-01-14 23:18:47.885,True,center,-0.018788433160247975,0.1277305971980661,-0.3757686632049595,1.9159589579709915,0.3317441048839627,0.31297294095279615,False,2
2026-01-14 23:18:47.909,True,center,-0.02098860896603122,0.1489309197536192,-0.4197721793206244,2.233963796304288,0.3356505120919087,0.31715976178637606,False,2
2026-01-14 23:18:47.938,True,center,-0.021088600552597314,0.09532349471651994,-0.4217720110519463,1.429852420747799,0.3169577557637385,0.31365378080950407,False,2
2026-01-14 23:18:47.986,True,center,-0.038877005078187865,0.04049224997243839,-0.7775401015637573,0.6073837495865758,0.32657844411485615,0.32305018029130944,False,2
2026-01-14 23:18:47.999,True,center,-0.04059374817595479,0.031106633943433964,-0.8118749635190958,0.4665995091515095,0.31881090707917,0.32456841251890606,False,2
2026-01-14 23:18:48.055,True,center,-0.04406493338413864,0.08843795771783311,-0.8812986676827728,1.3265693657674966,0.3268104912968715,0.3259074950704643,False,2
2026-01-14 23:18:48.096,True,center,-0.05084808722317424,0.1088918856454372,-1.0169617444634849,1.6333782846815579,0.33237466991723597,0.32614080381896615,False,2
2026-01-14 23:18:48.114,True,center,-0.04331604415999013,0.09590635137984063,-0.8663208831998026,1.4385952706976095,0.32905702414469207,0.3250011431704745,False,2
2026-01-14 23:18:48.145,True,center,-0.04172733215000329,0.09400039691906406,-0.8345466430000659,1.4100059537859608,0.32830788894297036,0.32790463698692074,False,2
2026-01-14 23:18:48.185,True,center,-0.04337387547866939,0.08316117444470678,-0.8674775095733878,1.2474176166706017,0.33006248813622796,0.3328564501762233,False,2
2026-01-14 23:18:48.216,True,center,-0.044864696651292335,0.08899422899406578,-0.8972939330258467,1.3349134349109868,0.3317633531741243,0.3312301211297653,False,2
2026-01-14 23:18:48.235,True,center,-0.04206020164147889,0.08773141657368644,-0.8412040328295778,1.3159712486052966,0.33025931803055314,0.33024639534101674,False,2
2026-01-14 23:18:48.286,True,center,-0.048552893756918125,0.045774219018304446,-0.9710578751383625,0.6866132852745667,0.32716140311676245,0.3327165698550127,False,2
2026-01-14 23:18:48.306,True,center,-0.052427017301711676,0.0730159076389347,-1.0485403460342335,1.0952386145840205,0.3260006083791193,0.332191149701132,False,2
2026-01-14 23:18:48.335,True,center,-0.05201911558569011,0.0905437078746669,-1.0403823117138022,1.3581556181200034,0.3309479625091933,0.32857919375511047,False,2
2026-01-14 23:18:48.386,True,center,-0.08188605181746689,0.10853794809520886,-1.6377210363493377,1.628069221428133,0.3331693957897154,0.33396485581630936,False,2
2026-01-14 23:18:48.399,True,center,-0.0824173408230287,0.08650658627660487,-1.6483468164605741,1.2975987941490732,0.3194252507667078,0.3363909511395323,False,2
2026-01-14 23:18:48.454,True,center,-0.13243542481613552,0.14779233037386058,-2.64870849632271,2.2168849556079087,0.37402532418586826,0.31804672173295717,False,2
2026-01-14 23:18:48.496,True,center,-0.12102438225417972,0.10968284623709768,-2.420487645083594,1.6452426935564652,0.3607979959101246,0.3260228270494424,False,2
2026-01-14 23:18:48.516,True,center,-0.10619865683029184,0.11287578869808579,-2.1239731366058368,1.6931368304712868,0.3477006193748963,0.3301649881808101,False,2
2026-01-14 23:18:48.545,True,center,-0.1336052874694661,0.1519651421966552,-2.672105749389322,2.279477132949828,0.361710167493735,0.3311408275718607,False,2
2026-01-14 23:18:48.586,True,left,-0.20540333422285073,0.1001848251236048,-4.108066684457015,1.502772376854072,0.38425069327787736,0.32468196107815456,False,2
2026-01-14 23:18:48.606,True,left,-0.2105087970930874,0.1130242924402409,-4.210175941861748,1.6953643866036134,0.3852436162413201,0.32445713309662016,False,2
2026-01-14 23:18:48.636,True,left,-0.20891589772750435,0.09406842500277593,-4.178317954550087,1.411026375041639,0.3842213160611968,0.33543539061140426,False,2
2026-01-14 23:18:48.685,True,left,-0.1972571531774538,0.08797596797920373,-3.945143063549076,1.319639519688056,0.38160604368257856,0.3244052290213074,False,2
2026-01-14 23:18:48.704,True,left,-0.19043615118996232,0.10751582604395904,-3.8087230237992467,1.6127373906593856,0.38437856281190236,0.3269160726739609,False,2
2026-01-14 23:18:48.736,True,left,-0.19382919779622682,0.09830929542641598,-3.876583955924536,1.4746394313962397,0.38633698728774024,0.32661114836527577,False,2
2026-01-14 23:18:48.796,True,left,-0.19490308328167727,0.08570629992016074,-3.8980616656335454,1.285594498802411,0.38068242837565225,0.32353353000211643,False,2
2026-01-14 23:18:48.816,True,left,-0.1987603159833003,0.08616781423166803,-3.9752063196660057,1.2925172134750205,0.3814447795766392,0.3231391008056684,False,2
2026-01-14 23:18:48.849,True,left,-0.19651121559907125,0.09742210032899967,-3.930224311981425,1.461331504934995,0.3833596999340321,0.32474815760563575,False,2
2026-01-14 23:18:48.895,True,left,-0.19645177796660312,0.08555883415978183,-3.9290355593320623,1.2833825123967273,0.386291454114358,0.3217912811041737,False,2
2026-01-14 23:18:48.914,True,left,-0.19929629346729671,0.0902488255543657,-3.9859258693459343,1.3537323833154855,0.38645630628589567,0.32323276074946833,False,2
2026-01-14 23:18:48.946,True,left,-0.20432376992541434,0.09802837361139966,-4.086475398508287,1.4704256041709949,0.38800443289402975,0.33132607879639864,False,2
2026-01-14 23:18:48.995,True,left,-0.19225097434796334,0.10222437939455192,-3.845019486959267,1.533365690918279,0.38796610035339185,0.32680009834976426,False,2
2026-01-14 23:18:49.006,True,left,-0.20505070427260452,0.0950613661887228,-4.101014085452091,1.425920492830842,0.3942654608884007,0.32985132476285195,False,2
2026-01-14 23:18:49.039,True,left,-0.21390190012543314,0.09082142610220917,-4.278038002508663,1.3623213915331376,0.3977070669880335,0.33816049165212564,False,2
2026-01-14 23:18:49.089,True,left,-0.22793512600173726,0.12161326591913535,-4.558702520034745,1.8241989887870302,0.4225759637672656,0.33245870061746746,False,2
2026-01-14 23:18:49.105,True,left,-0.22783484271412452,0.11080559017849728,-4.556696854282491,1.6620838526774593,0.42516836830718646,0.3328528900846969,False,2
2026-01-14 23:18:49.136,True,left,-0.22684344336565515,0.09597621406035073,-4.536868867313103,1.439643210905261,0.39452282009822265,0.3185649280774511,False,2
2026-01-14 23:18:49.205,True,left,-0.24360629525050725,0.0779203179571015,-4.8721259050101455,1.1688047693565224,0.38715850953071906,0.3046491881963279,False,2
2026-01-14 23:18:49.217,True,left,-0.23682172526930123,0.06046136110523323,-4.736434505386025,0.9069204165784984,0.3855923889805574,0.3094031044153639,False,2
2026-01-14 23:18:49.249,True,left,-0.24516524324269018,0.14837451065823076,-4.903304864853803,2.2256176598734614,0.38317105008011854,0.30880856905539156,False,2
2026-01-14 23:18:49.295,True,left,-0.192214860518379,0.14306900376410972,-3.84429721036758,2.146035056461646,0.3481230337537269,0.2962371271903646,False,2
2026-01-14 23:18:49.314,True,left,-0.20736068219469977,0.11774099957553785,-4.147213643893996,1.7661149936330678,0.35144220926908726,0.2991553103162538,False,2
2026-01-14 23:18:49.345,True,center,-0.1431767545929395,0.08610479333195858,-2.8635350918587896,1.2915718999793788,0.32491907444914103,0.28054580381633054,False,2
2026-01-14 23:18:49.396,True,left,-0.15179773826015291,0.0747260169934208,-3.0359547652030585,1.120890254901312,0.33645802402006125,0.269605709464878,False,2
2026-01-14 23:18:49.409,True,left,-0.16271712286491058,0.05734826548180916,-3.2543424572982116,0.8602239822271374,0.3282439493563784,0.2777644783174083,False,2
2026-01-14 23:18:49.445,True,left,-0.1749458266746466,0.04125740189249577,-3.498916533492932,0.6188610283874365,0.33438024110232656,0.26921429234963623,False,2
2026-01-14 23:18:49.494,True,left,-0.15437865779537818,0.032048776473357105,-3.0875731559075636,0.48073164710035654,0.3504718310377444,0.2726634097513649,False,2
2026-01-14 23:18:49.504,True,left,-0.15869891900704053,0.04630602487289254,-3.1739783801408104,0.694590373093388,0.3482458118859882,0.2739390990589509,False,2
2026-01-14 23:18:49.555,True,left,-0.16048170428535835,0.032054347507573216,-3.209634085707167,0.4808152126135983,0.3455748212922568,0.2744811065201961,False,2
2026-01-14 23:18:49.604,True,left,-0.1868634403960232,0.06270153312289978,-3.737268807920464,0.9405229968434967,0.34651298960667776,0.27507900738798735,False,2
2026-01-14 23:18:49.615,True,left,-0.18501425644927044,0.0844169830301795,-3.700285128985409,1.2662547454526925,0.33925729579080854,0.2866555281667449,False,2
2026-01-14 23:18:49.646,True,left,-0.19690011633364918,0.08199178614581171,-3.9380023266729838,1.2298767921871756,0.34576608163061695,0.28218057520159,False,2
2026-01-14 23:18:49.696,True,left,-0.20648180317990167,0.047861853609302396,-4.129636063598033,0.7179278041395359,0.34994273175588,0.28656740182919055,False,2
2026-01-14 23:18:49.714,True,left,-0.20594052897975496,0.04288656082298767,-4.118810579595099,0.643298412344815,0.34388844993166645,0.2837522789265194,False,2
2026-01-14 23:18:49.745,True,center,-0.0896434279435413,-0.020289241846472017,-1.792868558870826,-0.30433862769708026,0.2974120591383588,0.2766332793277352,False,2
2026-01-14 23:18:49.794,True,center,-0.01778651739199405,-0.1413754356362128,-0.355730347839881,-2.120631534543192,0.29047072874521096,0.29023945203101675,False,2
2026-01-14 23:18:49.805,True,center,-0.010597006456572411,-0.1264722958421336,-0.21194012913144822,-1.897084437632004,0.29636758155202814,0.29520004410426337,False,2
2026-01-14 23:18:49.845,True,center,-0.00608484137614701,-0.10211372792192525,-0.1216968275229402,-1.5317059188288786,0.30166870464191564,0.3034607813366139,False,2
2026-01-14 23:18:49.886,True,center,0.006315232184995689,-0.07811199080845432,0.1263046436999138,-1.171679862126815,0.3084934691435704,0.29957507085954777,False,2
2026-01-14 23:18:49.906,True,center,0.001975175217903413,-0.07590276697063747,0.039503504358068264,-1.1385415045595622,0.30814103453635167,0.30030514629661087,False,2
2026-01-14 23:18:49.955,True,center,0.002381637873436815,-0.00680226743558715,0.0476327574687363,-0.10203401153380726,0.31543433018694184,0.3256667112311377,False,2
2026-01-14 23:18:49.966,True,center,-0.0021801871020924457,-0.006213825093108305,-0.043603742041848914,-0.09320737639662457,0.31786457855721206,0.3204725486526234,False,2
2026-01-14 23:18:49.995,True,center,0.017363637497925466,0.006008484185251073,0.3472727499585093,0.09012726277876609,0.3183278717228611,0.3382610142510017,False,2
2026-01-14 23:18:50.045,True,center,0.012780082367389145,0.04927160170860451,0.2556016473477829,0.7390740256290675,0.3262393614690283,0.3343570781651881,False,2
2026-01-14 23:18:50.096,True,center,0.006677168697419689,0.09130705977256337,0.13354337394839377,1.3696058965884506,0.3440389967890084,0.3347379916959226,False,2
2026-01-14 23:18:50.116,True,center,0.014384688818236624,0.053537451718038226,0.2876937763647325,0.8030617757705734,0.3227298821561599,0.3337071659827133,False,2
2026-01-14 23:18:50.149,True,center,0.02392254350459183,0.10592703330888148,0.4784508700918366,1.5889054996332221,0.3260711383893338,0.32920802966422,False,2
2026-01-14 23:18:50.195,True,center,0.02281880068210579,0.07193247840581532,0.4563760136421158,1.0789871760872298,0.31957675802590146,0.3351244916746005,False,2
2026-01-14 23:18:50.205,True,center,0.015332243063504003,0.10704810948708862,0.30664486127008006,1.6057216423063294,0.3254301560304456,0.32016284420322194,False,2
2026-01-14 23:18:50.244,True,center,0.02359374172932066,0.07269697981582238,0.4718748345864132,1.0904546972373357,0.3125020133702021,0.31773064833617753,False,2
2026-01-14 23:18:50.286,True,center,0.008946644633216039,0.04752028540433553,0.17893289266432078,0.712804281065033,0.3103209488293219,0.3390792658251797,False,2
2026-01-14 23:18:50.306,True,center,0.028949663859897168,0.05791666223717018,0.5789932771979434,0.8687499335575527,0.3012035746825486,0.3116475333225649,False,2
2026-01-14 23:18:50.356,True,center,0.010365476806010576,0.010291650025974708,0.20730953612021152,0.15437475038962062,0.31963499161029996,0.3219690325711761,False,2
2026-01-14 23:18:50.367,True,center,0.031192415588585265,0.04613020303842949,0.6238483117717053,0.6919530455764423,0.29724640431428256,0.31632200918011033,False,2
2026-01-14 23:18:50.398,True,center,0.05606270778024269,-0.04913927671484403,1.1212541556048539,-0.7370891507226605,0.2941718884438769,0.2891306616429775,False,2
2026-01-14 23:18:50.445,True,center,0.07695405878569572,-0.038523568810548414,1.5390811757139145,-0.5778535321582262,0.288165977515258,0.3036973600170285,False,2
2026-01-14 23:18:50.498,True,center,0.08317783984261673,-0.005542241946937365,1.6635567968523346,-0.08313362920406048,0.29232794147663627,0.3017981046114579,False,2
2026-01-14 23:18:50.515,True,center,0.08695059592472587,-0.023621228775481173,1.7390119184945174,-0.3543184316322176,0.29287789366155514,0.29272439119434296,False,2
2026-01-14 23:18:50.546,True,center,0.09265061992365708,-0.06287188070480143,1.8530123984731417,-0.9430782105720215,0.29502131808936155,0.2945706987330447,False,2
2026-01-14 23:18:50.595,True,center,0.08737332272594167,-0.051405694976435434,1.7474664545188334,-0.7710854246465315,0.29794722586988864,0.2869766222982501,False,2
2026-01-14 23:18:50.606,True,center,0.08668513603259842,-0.037079919372168646,1.7337027206519684,-0.5561987905825296,0.30610558305936664,0.29080990657724004,False,2
2026-01-14 23:18:50.639,True,center,0.0721857224753647,-0.05099163819333624,1.443714449507294,-0.7648745729000437,0.2971856260149627,0.2939918492881926,False,2
2026-01-14 23:18:50.705,True,center,0.04883284639875751,0.021563251010205786,0.9766569279751502,0.3234487651530868,0.28969056614620525,0.30320440626015815,False,2
2026-01-14 23:18:50.725,True,center,0.047368772073685006,0.020182276417844258,0.9473754414737001,0.3027341462676639,0.29214228768818623,0.3021271548533873,False,2
2026-01-14 23:18:50.756,True,center,0.041023001969018535,0.016109434695562697,0.8204600393803707,0.24164152043344045,0.2980314684810385,0.3029399241710193,False,2
2026-01-14 23:18:50.766,True,center,0.04412386100398319,0.02488249405480014,0.8824772200796638,0.3732374108220021,0.2997315656122128,0.3049312050280948,False,2
2026-01-14 23:18:50.796,True,center,0.040575726948944124,0.017911545060222855,0.8115145389788825,0.26867317590334283,0.3059949773489009,0.31491559342354775,False,2
2026-01-14 23:18:50.846,True,center,0.04474615321979042,0.040633876162163185,0.8949230643958084,0.6095081424324478,0.3143121823125307,0.3180216306541287,False,2
2026-01-14 23:18:50.899,True,center,0.041049901995297566,0.01873401570099853,0.8209980399059513,0.28101023551497795,0.32339949344627905,0.3122306033149486,False,2
2026-01-14 23:18:50.915,True,center,0.04252019632322396,0.01431372750463189,0.8504039264644792,0.21470591256947835,0.31850432809319995,0.31519537146146165,False,2
2026-01-14 23:18:50.946,True,center,0.03245535219072759,0.014447041645097747,0.6491070438145519,0.2167056246764662,0.3149209516184031,0.32298230388765653,False,2
2026-01-14 23:18:50.997,True,center,0.00488740640748947,0.015321828604949128,0.09774812814978939,0.22982742907423692,0.3317783677826367,0.3178300247854013,False,2
2026-01-14 23:18:51.014,True,center,0.011988011526996412,-0.001283834798397554,0.23976023053992823,-0.01925752197596331,0.3236894947438359,0.3105939999200585,False,2
2026-01-14 23:18:51.044,True,center,0.008222173120776555,0.018979195779965097,0.1644434624155311,0.28468793669947645,0.33149808207919096,0.32209844806670435,False,2
2026-01-14 23:18:51.104,True,center,0.011828582525197029,0.0165622433195608,0.23657165050394058,0.24843364979341198,0.333766638368538,0.3243712196228778,False,2
2026-01-14 23:18:51.116,True,center,0.020266160136222122,0.018837325428090634,0.40532320272444244,0.2825598814213595,0.3343709387878603,0.32358366955134105,False,2
2026-01-14 23:18:51.159,True,center,0.022701795588946194,0.03940568697824637,0.4540359117789239,0.5910853046736955,0.3509149230398762,0.3373309516314175,False,2
2026-01-14 23:18:51.175,True,center,0.031612883685494586,0.060060263694337784,0.6322576737098917,0.9009039554150667,0.3434206754325507,0.3358099405366438,False,2
2026-01-14 23:18:51.206,True,center,0.02504711390463249,0.007219859642624338,0.5009422780926498,0.10829789463936507,0.3343963288169297,0.32778969615879294,False,2
2026-01-14 23:18:51.250,True,center,0.037191259288875234,0.025628984481492756,0.7438251857775047,0.38443476722239134,0.3264705152485226,0.3193058507633018,False,2
2026-01-14 23:18:51.296,True,center,0.05918373453529219,0.008160641189286166,1.1836746907058437,0.1224096178392925,0.3186578257513199,0.31465404308347716,False,2
2026-01-14 23:18:51.305,True,center,0.06373919218957491,0.011908878644488863,1.2747838437914982,0.17863317966733294,0.32617298555217794,0.31560682106079946,False,2
2026-01-14 23:18:51.344,True,center,0.03705404641661775,0.04542442745730446,0.741080928332355,0.6813664118595669,0.3249391005788903,0.31370692620911256,False,2
2026-01-14 23:18:51.387,True,center,0.0516237165565539,0.015783731293160908,1.032474331131078,0.2367559693974136,0.3288750694364772,0.30621524720224735,False,2
2026-01-14 23:18:51.405,True,center,0.06107740944342033,0.021548113913885336,1.2215481888684065,0.32322170870828004,0.3336847814543557,0.29921221759247674,False,2
2026-01-14 23:18:51.445,True,center,0.036272868057491914,-0.000266578750030555,0.7254573611498383,-0.003998681250458325,0.34927739935628,0.3007642963439957,False,2
2026-01-14 23:18:51.507,True,center,-0.013325380320877322,0.02317302509701652,-0.26650760641754645,0.3475953764552478,0.3736312164831945,0.3100966203217636,False,2
2026-01-14 23:18:51.517,True,center,-0.020483217585995472,-0.054925447337755284,-0.40966435171990945,-0.8238817100663293,0.3494222456177457,0.3264432516264413,False,2
2026-01-14 23:18:51.546,True,center,-0.031677312056475726,0.024113342254591608,-0.6335462411295145,0.3617001338188741,0.36529629164015,0.3348690343482882,False,2
2026-01-14 23:18:51.565,True,center,-0.027134671020390078,0.03633791081603058,-0.5426934204078016,0.5450686622404587,0.3754895516784005,0.3363585010293109,False,2
2026-01-14 23:18:51.595,True,center,-0.031606101901656414,0.014003934715473898,-0.6321220380331283,0.21005902073210847,0.35629406202497044,0.33457387387913035,False,2
2026-01-14 23:18:51.649,True,center,0.06602227192423882,0.03465470801585949,1.3204454384847764,0.5198206202378923,0.357360306185196,0.345257248802042,False,2
2026-01-14 23:18:51.696,True,center,0.09336780448360427,0.056819203030257975,1.8673560896720853,0.8522880454538696,0.3704842148640994,0.34227773751564045,False,2
2026-01-14 23:18:51.709,True,center,0.09291949292541468,0.04562262855896165,1.8583898585082936,0.6843394283844249,0.3597966680102651,0.33882979005072006,False,2
2026-01-14 23:18:51.745,True,center,0.09488312312909841,0.05182966395538974,1.8976624625819682,0.7774449593308461,0.3615491437022401,0.3422164843675705,False,2
2026-01-14 23:18:51.797,True,center,0.07056141089484502,0.06097281347216746,1.4112282178969004,0.9145922020825119,0.361178860351219,0.33762576367942626,False,2
2026-01-14 23:18:51.808,True,center,0.08098512218591625,0.0583216723564037,1.619702443718325,0.8748250853460555,0.36259935663084825,0.3385556362603504,False,2
2026-01-14 23:18:51.855,True,center,0.07596909480153613,0.04172886447800264,1.5193818960307226,0.6259329671700397,0.3628912459914748,0.3326809816077644,False,2
2026-01-14 23:18:51.868,True,center,0.07694961979791026,0.059282054486446856,1.5389923959582053,0.8892308172967028,0.3663156117716045,0.33217220977684175,False,2
2026-01-14 23:18:51.906,True,center,0.06789820962339832,0.06791259301878158,1.3579641924679664,1.0186888952817237,0.3666393582203061,0.32457617658242577,False,2
2026-01-14 23:18:51.956,True,center,0.07093693732486445,0.05251312632228697,1.418738746497289,0.7876968948343045,0.3650208881480577,0.3265849266619068,False,2
2026-01-14 23:18:51.969,True,center,0.06923925567916611,0.05384778606697238,1.3847851135833222,0.8077167910045857,0.36386406292826534,0.3251065473691223,False,2
2026-01-14 23:18:51.996,True,center,0.06590446677351625,0.012946244560323339,1.318089335470325,0.19419366840485008,0.35815107461426743,0.3299968690550857,False,2
2026-01-14 23:18:52.054,True,center,0.08688386740418597,0.009291944488897252,1.7376773480837193,0.1393791673334588,0.3541479813335795,0.3254111676699376,False,2
2026-01-14 23:18:52.095,True,center,0.005721932605229352,0.017911421262282956,0.11443865210458704,0.26867131893424434,0.324769691169695,0.3042638603675032,False,2
2026-01-14 23:18:52.112,True,center,-0.00121946235034176,-0.0019709788959781926,-0.024389247006835202,-0.02956468343967289,0.3224395837880088,0.31141959721246354,False,2
2026-01-14 23:18:52.151,True,center,-0.054620809654545355,0.06746429352718514,-1.092416193090907,1.011964402907777,0.3416589745521866,0.30582169247651714,False,2
2026-01-14 23:18:52.194,True,center,-0.050650280947839466,0.09934486508470614,-1.0130056189567893,1.490172976270592,0.3403899567276187,0.29654655222803744,False,2
2026-01-14 23:18:52.206,True,center,-0.057724881691907814,0.08032615597371937,-1.1544976338381563,1.2048923396057905,0.33472887344909164,0.30083966291643793,False,2
2026-01-14 23:18:52.256,True,center,-0.08390831195337939,0.09478567506016602,-1.6781662390675878,1.4217851259024903,0.3424499034200354,0.30475695575557166,False,2
2026-01-14 23:18:52.275,True,center,-0.09897610512308486,0.0741183637794692,-1.9795221024616971,1.1117754566920381,0.3335200519105175,0.31216671091994974,False,2
2026-01-14 23:18:52.305,True,left,-0.16641933602448805,0.07741892395997099,-3.3283867204897613,1.161283859399565,0.3671533631907501,0.3033501024571166,False,2
2026-01-14 23:18:52.356,True,left,-0.1800600551570774,0.09568992070617519,-3.6012011031415483,1.4353488105926278,0.3779551067882437,0.3065194836820103,False,2
2026-01-14 23:18:52.365,True,left,-0.1785454782282906,0.08938207505246826,-3.5709095645658118,1.3407311257870238,0.3720796273415342,0.29638179205510695,False,2
2026-01-14 23:18:52.405,True,left,-0.17121178338360393,0.043740300700219725,-3.424235667672079,0.6561045105032959,0.38191749034968764,0.3047015719846384,False,2
2026-01-14 23:18:52.446,True,left,-0.16073793817957982,0.07687230556242336,-3.2147587635915964,1.1530845834363503,0.38368667948112434,0.31255791892725593,False,2
2026-01-14 23:18:52.495,True,left,-0.1772532890347206,0.0861213103781939,-3.545065780694412,1.2918196556729085,0.38470223359044203,0.311818826967876,False,2
2026-01-14 23:18:52.515,True,left,-0.17999760182936508,0.10876424919635833,-3.5999520365873017,1.631463737945375,0.38911536225351867,0.318097096291118,False,2
2026-01-14 23:18:52.546,True,left,-0.187537264097363,0.05854363903260429,-3.7507452819472595,0.8781545854890643,0.38275650807439554,0.31715186766348363,False,2
2026-01-14 23:18:52.605,True,left,-0.17621092960804008,0.07598626099567687,-3.5242185921608016,1.139793914935153,0.39160056042788305,0.3099158918576774,False,2
2026-01-14 23:18:52.625,True,left,-0.1761345091390205,0.09831253348699598,-3.5226901827804102,1.4746880023049398,0.3957211526712648,0.31261464933279975,False,2
2026-01-14 23:18:52.656,True,left,-0.17056079251380435,0.09961254145934428,-3.411215850276087,1.4941881218901643,0.40019025281154036,0.3137653990621952,False,2
2026-01-14 23:18:52.667,True,left,-0.170463604137158,0.10914975167530414,-3.40927208274316,1.637246275129562,0.403556622836553,0.31540949451948624,False,2
2026-01-14 23:18:52.705,True,left,-0.1543983366034049,0.07998116699986135,-3.0879667320680984,1.1997175049979203,0.3958339196999135,0.3109175586883121,False,2
2026-01-14 23:18:52.755,True,left,-0.16041270537914543,0.06849262816744611,-3.2082541075829085,1.0273894225116917,0.393492002750611,0.31330334936640786,False,2
2026-01-14 23:18:52.775,True,left,-0.16200293342161537,0.09716248122291671,-3.240058668432307,1.4574372183437507,0.39754101275088166,0.3132941683743548,False,2
2026-01-14 23:18:52.806,True,center,-0.09952126499197017,0.050545970592781764,-1.9904252998394034,0.7581895588917265,0.35612972437947027,0.3018565241720046,False,2
2026-01-14 23:18:52.848,True,center,0.031140406559253875,0.03694152489880048,0.6228081311850775,0.5541228734820072,0.3512866974035604,0.34083978749498756,False,2
2026-01-14 23:18:52.896,True,center,0.06832493497321634,0.058415709095188284,1.366498699464327,0.8762356364278243,0.36433775424768317,0.3424815616746043,False,2
2026-01-14 23:18:52.914,True,center,0.06877881089463811,0.0485341570563767,1.3755762178927622,0.7280123558456506,0.3611448808473832,0.34143190048130573,False,2
2026-01-14 23:18:52.949,True,center,0.07354209665135147,0.08545445420954309,1.4708419330270295,1.2818168131431464,0.3804397382194605,0.35293503220363076,False,2
2026-01-14 23:18:53.009,True,center,0.08338340429400981,0.0704505265482592,1.6676680858801962,1.056757898223888,0.35884108471796783,0.34911961741108094,False,2
2026-01-14 23:18:53.029,True,center,0.08041169741051712,0.06002924661643136,1.6082339482103425,0.9004386992464704,0.36854379307527924,0.34916508914202726,False,2
2026-01-14 23:18:53.055,True,center,0.08491709030549077,0.09376901281669991,1.6983418061098154,1.4065351922504987,0.3676332685139679,0.34742058350014576,False,2
2026-01-14 23:18:53.075,True,center,0.07339665111396776,0.07956675541403868,1.4679330222793552,1.1935013312105802,0.37010070685335833,0.34277022465225154,False,2
2026-01-14 23:18:53.106,True,center,0.07749190390335559,0.08430605357457563,1.5498380780671117,1.2645908036186344,0.3934909896284462,0.330040570811427,False,2
2026-01-14 23:18:53.146,True,center,0.08444217097727402,0.09675626816586341,1.6888434195454805,1.4513440224879512,0.37013664024779724,0.3476819171448747,False,2
2026-01-14 23:18:53.166,True,center,0.07783643191175871,0.06519662599921686,1.5567286382351742,0.9779493899882529,0.3711575824337615,0.334120386049761,False,2
2026-01-14 23:18:53.195,True,center,0.07987240579331734,0.07897568755918485,1.5974481158663467,1.1846353133877727,0.37096257814792055,0.3438675575212183,False,2
2026-01-14 23:18:53.249,True,center,-0.06094769877892414,0.12111347182525589,-1.2189539755784828,1.8167020773788383,0.33821910498910235,0.33017776305296287,False,2
2026-01-14 23:18:53.295,True,center,-0.14862278017280228,0.12845429687861215,-2.9724556034560456,1.9268144531791822,0.39984229136075183,0.32286065816882337,False,2
2026-01-14 23:18:53.315,True,left,-0.1533973478972096,0.11566184706680896,-3.067946957944192,1.7349277060021344,0.40182078133818716,0.30377915396279204,False,2
2026-01-14 23:18:53.349,True,left,-0.16717957638553677,0.1314507469033414,-3.3435915277107355,1.971761203550121,0.40626904461463803,0.31655171297852214,False,2
2026-01-14 23:18:53.415,True,left,-0.15677455873099388,0.07692442518759274,-3.1354911746198777,1.1538663778138911,0.3651579938443933,0.31775273099176515,False,2
2026-01-14 23:18:53.435,True,left,-0.15358555299668225,0.09610112491185721,-3.0717110599336452,1.441516873677858,0.3705931299738416,0.3155262266517172,False,2
2026-01-14 23:18:53.455,True,center,-0.050051364271192667,0.06708598918072331,-1.0010272854238533,1.0062898377108496,0.34301759743504956,0.3083560580731741,False,2
2026-01-14 23:18:53.475,True,center,-0.044636851835634705,0.0658332649836362,-0.8927370367126941,0.9874989747545431,0.33430488330072355,0.3211840845294089,False,2
2026-01-14 23:18:53.504,True,center,0.08687503695192877,0.07679420884717547,1.7375007390385755,1.151913132707632,0.35230201041608183,0.3366255307199622,False,2
2026-01-14 23:18:53.556,True,center,0.07296302628747375,0.06564358465993148,1.459260525749475,0.9846537698989721,0.3593904312205437,0.3354087580823802,False,2
2026-01-14 23:18:53.579,True,center,0.0732522026717436,0.0574563523933912,1.4650440534348719,0.861845285900868,0.3496042833725479,0.33840021073898,False,2
2026-01-14 23:18:53.596,True,center,0.07457778240021895,0.07036022841264217,1.491555648004379,1.0554034261896326,0.37055308381368623,0.3345196000298724,False,2
2026-01-14 23:18:53.654,True,center,0.08148061774876181,0.08327750105150036,1.6296123549752362,1.2491625157725055,0.36023047601597163,0.34504648019689294,False,2
2026-01-14 23:18:53.695,True,center,0.07485732111058219,0.05693044856332896,1.4971464222116437,0.8539567284499344,0.3635807657267683,0.33953370857451365,False,2
2026-01-14 23:18:53.706,True,center,0.08906353151419588,0.06311574652368415,1.7812706302839176,0.9467361978552623,0.3677463162848145,0.3452579886352639,False,2
2026-01-14 23:18:53.759,True,center,0.08910589140519742,0.06924700324739752,1.7821178281039485,1.0387050487109628,0.36812055071945043,0.34038126037506417,False,2
2026-01-14 23:18:53.815,True,center,0.0910942070765921,0.07885500015108321,1.821884141531842,1.182825002266248,0.3700006046998618,0.3446058132587882,False,2
2026-01-14 23:18:53.834,True,center,0.09360792042357757,0.08312160177214561,1.8721584084715515,1.2468240265821842,0.3676045808189338,0.34399246789704846,False,2
2026-01-14 23:18:53.856,True,center,0.08890640028883867,0.08173285909670264,1.7781280057767734,1.2259928864505396,0.3617155191565346,0.3436839919628359,False,2
2026-01-14 23:18:53.869,True,center,0.0912403273160235,0.07356763072807626,1.82480654632047,1.103514460921144,0.3583093894517136,0.3442950207817121,False,2
2026-01-14 23:18:53.905,True,center,0.12856802949517354,0.061281363844644055,2.571360589903471,0.9192204576696608,0.35775382342050993,0.35208027045831164,False,2
2026-01-14 23:18:53.954,True,center,0.11232098279335012,0.04650697274324589,2.2464196558670024,0.6976045911486883,0.3429357046013779,0.349756904492899,False,2
2026-01-14 23:18:53.968,True,center,0.11745625919683966,0.07049372528966272,2.3491251839367933,1.0574058793449408,0.3487387729917285,0.35125877826998414,False,2
2026-01-14 23:18:53.996,True,center,0.11336034449369348,0.07947478598055455,2.2672068898738695,1.1921217897083183,0.3599584103768398,0.3537256211250774,False,2
2026-01-14 23:18:54.046,True,center,0.12386437552932172,0.07264574217751696,2.4772875105864345,1.0896861326627545,0.3455344739901996,0.3480301094063465,False,2
2026-01-14 23:18:54.099,True,center,0.1308703159468364,0.09578248321211047,2.617406318936728,1.436737248181657,0.3515493776039939,0.3530995742856157,False,2
2026-01-14 23:18:54.119,True,center,0.12984189952908187,0.096771798429827,2.5968379905816374,1.451576976447405,0.3523155318459866,0.35251973210006143,False,2
2026-01-14 23:18:54.157,True,center,0.13121206113814055,0.0866302814491551,2.624241222762811,1.2994542217373266,0.34975220354847225,0.35301137808804767,False,2
2026-01-14 23:18:54.179,True,center,0.128687009164141,0.0881054431443386,2.57374018328282,1.321581647165079,0.35111260076374806,0.3500156088941947,False,2
2026-01-14 23:18:54.209,True,center,0.12903629038503706,0.08561821016699461,2.580725807700741,1.2842731525049191,0.3565623722197426,0.35025879626844103,False,2
2026-01-14 23:18:54.256,True,center,0.11995162235381862,0.07378670165429496,2.3990324470763724,1.1068005248144244,0.3482499909521771,0.34578584455317973,False,2
2026-01-14 23:18:54.282,True,center,0.12262549941633616,0.084128814708017,2.452509988326723,1.261932220620255,0.3479586285605113,0.34629711431504556,False,2
2026-01-14 23:18:54.305,True,center,0.11974491698807987,0.10003252791124839,2.3948983397615975,1.5004879186687259,0.3607287292210229,0.348354781431227,False,2
2026-01-14 23:18:54.349,True,center,0.12506536783831534,0.0995307022019104,2.501307356766307,1.492960533028656,0.3579745439932011,0.3569501911321971,False,2
2026-01-14 23:18:54.366,True,center,0.12182356438974229,0.09102281971132192,2.436471287794846,1.365342295669829,0.35183018563150514,0.3588497566116843,False,2
2026-01-14 23:18:54.395,True,center,0.11143183026964087,0.12146767653465643,2.2286366053928175,1.8220151480198463,0.36839908347445255,0.3494717193908121,False,2
2026-01-14 23:18:54.445,True,center,0.002307391254275426,0.060022440300909585,0.04614782508550852,0.9003366045136438,0.3428834282245716,0.3153772799592771,False,2
2026-01-14 23:18:54.516,True,center,-0.07952184961928549,0.0811405764155873,-1.5904369923857098,1.2171086462338097,0.2993463019815052,0.28185735135444595,False,2
2026-01-14 23:18:54.527,True,center,-0.10359032917438837,0.08639064089259646,-2.0718065834877675,1.2958596133889468,0.32190192359955416,0.27983321152642976,False,2
2026-01-14 23:18:54.556,True,left,-0.15449696193510104,0.017431984272318846,-3.089939238702021,0.2614797640847827,0.2756950613521498,0.2772511702168306,False,2
2026-01-14 23:18:54.576,True,left,-0.1628017725194676,0.049515172884094655,-3.256035450389352,0.7427275932614198,0.2763864157001875,0.2822608428805161,False,2
2026-01-14 23:18:54.607,True,left,-0.17356891940925667,-0.055331714089206785,-3.4713783881851334,-0.8299757113381018,0.27283689342872264,0.2519033635217297,False,2
2026-01-14 23:18:54.659,True,left,-0.17663018476647696,0.11309345513557076,-3.532603695329539,1.6964018270335615,0.27411453318206597,0.24957335173942916,False,2
2026-01-14 23:18:54.675,True,left,-0.1697001758432013,0.142908364570767,-3.394003516864026,2.143625468561505,0.27264974741946757,0.25845570278629687,False,2
2026-01-14 23:18:54.706,True,left,-0.18829855453782923,-0.025070821069222538,-3.765971090756585,-0.37606231603833806,0.28377188660698743,0.2393839746548783,False,2
2026-01-14 23:18:54.753,True,left,-0.21584697046390788,0.060522705984302066,-4.316939409278158,0.907840589764531,0.2919343892802701,0.23999251886050865,False,2
2026-01-14 23:18:54.766,True,left,-0.20615118196919874,0.07059703382266735,-4.123023639383975,1.0589555073400103,0.27773084440727014,0.22991855311883308,False,2
2026-01-14 23:18:54.799,True,left,-0.21272834484789632,0.01948180907509811,-4.254566896957926,0.29222713612647166,0.2922247837935748,0.24592457988729655,False,2
2026-01-14 23:18:54.849,True,left,-0.21112601311797025,-0.03067987695737273,-4.222520262359405,-0.46019815436059097,0.28887225363263247,0.25406173080882216,False,2
2026-01-14 23:18:54.915,True,left,-0.19460653967170127,-0.02001091230537211,-3.8921307934340255,-0.3001636845805816,0.29382320319419203,0.24766842290333013,False,2
2026-01-14 23:18:54.929,True,left,-0.19241039122463138,-0.02322506410388242,-3.8482078244926274,-0.3483759615582363,0.28963570697620405,0.24488313839116402,False,2
2026-01-14 23:18:54.965,True,left,-0.1906495623872218,-0.04723934814354053,-3.812991247744436,-0.708590222153108,0.2775210859838837,0.23960828621821542,False,2
2026-01-14 23:18:54.991,True,left,-0.19694886577799137,-0.05959296218880483,-3.9389773155598276,-0.8938944328320725,0.2847856850306286,0.2380441397716975,False,2
2026-01-14 23:18:55.006,True,left,-0.17836982653017075,-0.07680808623114055,-3.567396530603415,-1.1521212934671081,0.27916904652161906,0.2481569058868701,False,2
2026-01-14 23:18:55.055,True,left,-0.17708049487796368,-0.06212630320149659,-3.5416098975592734,-0.9318945480224489,0.27593190231292913,0.24200290642147454,False,2
2026-01-14 23:18:55.075,True,left,-0.17986403466597567,-0.06284650017323268,-3.5972806933195134,-0.9426975025984902,0.2799390511854562,0.24292095250642523,False,2
